{
    "components": [
        "cmb",
        "dust"
    ],
    "a_cmb_I": [
        -4.349530560149654,
        -25.011057596581665
    ],
    "a_cmb_Q": [
        -0.31903418384973736,
        -0.31362491725540337
    ],
    "a_cmb_U": [
        -0.04467950547083019,
        -0.07879794392711689
    ],
    "cmb_I_20000000000.0": [
        -4.349530560149654,
        -25.011057596581665
    ],
    "cmb_Q_20000000000.0": [
        -0.31903418384973736,
        -0.31362491725540337
    ],
    "cmb_U_20000000000.0": [
        -0.04467950547083019,
        -0.07879794392711689
    ],
    "cmb_I_30000000000.0": [
        -4.349530560149654,
        -25.011057596581665
    ],
    "cmb_Q_30000000000.0": [
        -0.31903418384973736,
        -0.31362491725540337
    ],
    "cmb_U_30000000000.0": [
        -0.04467950547083019,
        -0.07879794392711689
    ],
    "cmb_I_40000000000.0": [
        -4.349530560149654,
        -25.011057596581665
    ],
    "cmb_Q_40000000000.0": [
        -0.31903418384973736,
        -0.31362491725540337
    ],
    "cmb_U_40000000000.0": [
        -0.04467950547083019,
        -0.07879794392711689
    ],
    "cmb_I_85000000000.0": [
        -4.349530560149654,
        -25.011057596581665
    ],
    "cmb_Q_85000000000.0": [
        -0.31903418384973736,
        -0.31362491725540337
    ],
    "cmb_U_85000000000.0": [
        -0.04467950547083019,
        -0.07879794392711689
    ],
    "cmb_I_95000000000.0": [
        -4.349530560149654,
        -25.011057596581665
    ],
    "cmb_Q_95000000000.0": [
        -0.31903418384973736,
        -0.31362491725540337
    ],
    "cmb_U_95000000000.0": [
        -0.04467950547083019,
        -0.07879794392711689
    ],
    "cmb_I_145000000000.0": [
        -4.349530560149654,
        -25.011057596581665
    ],
    "cmb_Q_145000000000.0": [
        -0.31903418384973736,
        -0.31362491725540337
    ],
    "cmb_U_145000000000.0": [
        -0.04467950547083019,
        -0.07879794392711689
    ],
    "cmb_I_155000000000.0": [
        -4.349530560149654,
        -25.011057596581665
    ],
    "cmb_Q_155000000000.0": [
        -0.31903418384973736,
        -0.31362491725540337
    ],
    "cmb_U_155000000000.0": [
        -0.04467950547083019,
        -0.07879794392711689
    ],
    "cmb_I_220000000000.0": [
        -4.349530560149654,
        -25.011057596581665
    ],
    "cmb_Q_220000000000.0": [
        -0.31903418384973736,
        -0.31362491725540337
    ],
    "cmb_U_220000000000.0": [
        -0.04467950547083019,
        -0.07879794392711689
    ],
    "cmb_I_270000000000.0": [
        -4.349530560149654,
        -25.011057596581665
    ],
    "cmb_Q_270000000000.0": [
        -0.31903418384973736,
        -0.31362491725540337
    ],
    "cmb_U_270000000000.0": [
        -0.04467950547083019,
        -0.07879794392711689
    ],
    "dust_I_20000000000.0": [
        0.22840894758701324,
        0.15247391164302826
    ],
    "dust_Q_20000000000.0": [
        0.03589523956179619,
        0.025423213839530945
    ],
    "dust_U_20000000000.0": [
        -0.010768410749733448,
        0.004219396971166134
    ],
    "dust_I_30000000000.0": [
        0.43634864687919617,
        0.29128360748291016
    ],
    "dust_Q_30000000000.0": [
        0.06857366859912872,
        0.04856808856129646
    ],
    "dust_U_30000000000.0": [
        -0.020571792498230934,
        0.008060663938522339
    ],
    "dust_I_40000000000.0": [
        0.6842292547225952,
        0.45675572752952576
    ],
    "dust_Q_40000000000.0": [
        0.1075289398431778,
        0.07615860551595688
    ],
    "dust_U_40000000000.0": [
        -0.03225819766521454,
        0.012639760039746761
    ],
    "dust_I_85000000000.0": [
        2.335449695587158,
        1.559024453163147
    ],
    "dust_Q_85000000000.0": [
        0.36702385544776917,
        0.25994881987571716
    ],
    "dust_U_85000000000.0": [
        -0.110105499625206,
        0.043142739683389664
    ],
    "dust_I_95000000000.0": [
        2.8679678440093994,
        1.9145058393478394
    ],
    "dust_Q_95000000000.0": [
        0.45071086287498474,
        0.3192211091518402
    ],
    "dust_U_95000000000.0": [
        -0.13521124422550201,
        0.05297994613647461
    ],
    "dust_I_145000000000.0": [
        6.887259006500244,
        4.5975751876831055
    ],
    "dust_Q_145000000000.0": [
        1.0823562145233154,
        0.7665911316871643
    ],
    "dust_U_145000000000.0": [
        -0.3247019946575165,
        0.1272282898426056
    ],
    "dust_I_155000000000.0": [
        8.091793060302734,
        5.40165901184082
    ],
    "dust_Q_155000000000.0": [
        1.2716525793075562,
        0.9006625413894653
    ],
    "dust_U_155000000000.0": [
        -0.3814900815486908,
        0.14947961270809174
    ],
    "dust_I_220000000000.0": [
        21.925724029541016,
        14.636469841003418
    ],
    "dust_Q_220000000000.0": [
        3.4457015991210938,
        2.440457820892334
    ],
    "dust_U_220000000000.0": [
        -1.0336949825286865,
        0.405033677816391
    ],
    "dust_I_270000000000.0": [
        45.94428634643555,
        30.670005798339844
    ],
    "dust_Q_270000000000.0": [
        7.220299243927002,
        5.1138596534729
    ],
    "dust_U_270000000000.0": [
        -2.1660573482513428,
        0.8487282991409302
    ],
    "local_ref_I_dust": 270000000000.0,
    "local_ref_P_dust": 270000000000.0,
    "beta_dust": [
        1.54,
        1.54
    ],
    "temp_dust": [
        20.0,
        20.0
    ],
    "a_dust_I": [
        8.601402282714846,
        5.741847991943361
    ],
    "a_dust_Q": [
        1.351739645004273,
        0.957385063171387
    ],
    "a_dust_U": [
        -0.40551581978797924,
        0.15889364480972296
    ]
}