{
    "nus": [
        20,
        30,
        40,
        85,
        95,
        145,
        155,
        220,
        270
],
    "bps": "tophat",
    "bwidths": [
        5,
        9,
        12,
        20.4,
        22.8,
        31.9,
        34.1,
        48.4,
        59.4
],
    "fwhm": [
        11,
        72.8,
        72.8,
        25.5,
        25.5,
        22.7,
        22.7,
        13,
        13
],
    "nside": 4,
    "center_GAL": [
        316.44761929,
        -58.75808063
],
    "fsky": 0.015,
    "rms_I_ukarcmin": [
        16.5, 
        9.36,
        11.85,
        2.02,
        1.78,
        3.89,
        4.16,
        10.15,
        17.4
],
    "rms_Q_ukarcmin": [
        14.93,
        8.52,
        10.79,
        1.85,
        1.63,
        2.52,
        2.70,
        6.58,
        11.29
],
    "rms_U_ukarcmin": [
        14.93,
        8.52,
        10.79,
        1.85,
        1.63,
        2.52,
        2.70,
        6.58,
        11.29
],
    "QUBIC_covar": false,
    "IQU_corr_lvl": 0.3,
    "nu_corr_lvl": 0.3,
    "pix_corr_lvl": 0,
    "r": 0,
    "cmb_seed": 1,
    "components": [
        "cmb",
        "d0"
],
    "smoothing": false,
    "noise_seed": 100,
    "noise_reals": 4,
    "print_path": "runs/1/"
}
